Workbook

Sheet NVDA
A1: Date | B1: Close | C1: Daily Return
A2: 2019-01-02 | B2: 3.377166
A3: 2019-01-03 | B3: 3.1731274 | C3: =(B3-B2)/B2 -> -0.060417112
A4: 2019-01-04 | B4: 3.3764222 | C4: =(B4-B3)/B3 -> 0.06406763
A5: 2019-01-07 | B5: 3.5551727 | C5: =(B5-B4)/B4 -> 0.052940807
A6: 2019-01-08 | B6: 3.4666648 | C6: =(B6-B5)/B5 -> -0.024895525
A7: 2019-01-09 | B7: 3.5348437 | C7: =(B7-B6)/B6 -> 0.019666999
A8: 2019-01-10 | B8: 3.6005421 | C8: =(B8-B7)/B7 -> 0.018585938
A9: 2019-01-11 | B9: 3.6897931 | C9: =(B9-B8)/B8 -> 0.024788223
A10: 2019-01-14 | B10: 3.7297082 | C10: =(B10-B9)/B9 -> 0.010817703
A11: 2019-01-15 | B11: 3.7155769 | C11: =(B11-B10)/B10 -> -0.0037888507
A12: 2019-01-16 | B12: 3.6900413 | C12: =(B12-B11)/B11 -> -0.0068725757
A13: 2019-01-17 | B13: 3.7614419 | C13: =(B13-B12)/B12 -> 0.019349551
A14: 2019-01-18 | B14: 3.8906088 | C14: =(B14-B13)/B13 -> 0.034339714
... A1510: 2024-12-30 | B1510: 137.45239 | C1510: =(B1510-B1509)/B1509 -> 0.0035033184
A1512: Average return | B1512: =AVERAGE(C3:C1510) -> 0.002990793
A1513: Volatility | B1513: =STDEV(C3:C1510) -> 0.032689621
A1514: Median Return | B1514: =MEDIAN(C3:C1510) -> 0.0032071754

Sheet AAPL
A1: Date | B1: Close | C1: Daily Return
A2: 2019-01-02 | B2: 37.503723
A3: 2019-01-03 | B3: 33.768074 | C3: =(B3-B2)/B2 -> -0.09960742
A4: 2019-01-04 | B4: 35.209618 | C4: =(B4-B3)/B3 -> 0.042689541
A5: 2019-01-07 | B5: 35.131237 | C5: =(B5-B4)/B4 -> -0.0022261129
A6: 2019-01-08 | B6: 35.800949 | C6: =(B6-B5)/B5 -> 0.019063151
A7: 2019-01-09 | B7: 36.40892 | C7: =(B7-B6)/B6 -> 0.016981985
A8: 2019-01-10 | B8: 36.525291 | C8: =(B8-B7)/B7 -> 0.0031962265
A9: 2019-01-11 | B9: 36.166679 | C9: =(B9-B8)/B8 -> -0.0098181848
A10: 2019-01-14 | B10: 35.622833 | C10: =(B10-B9)/B9 -> -0.015037215
A11: 2019-01-15 | B11: 36.351921 | C11: =(B11-B10)/B10 -> 0.020466868
A12: 2019-01-16 | B12: 36.796024 | C12: =(B12-B11)/B11 -> 0.012216775
A13: 2019-01-17 | B13: 37.014511 | C13: =(B13-B12)/B12 -> 0.0059377824
A14: 2019-01-18 | B14: 37.242493 | C14: =(B14-B13)/B13 -> 0.0061592484
... A1510: 2024-12-30 | B1510: 250.8298 | C1510: =(B1510-B1509)/B1509 -> -0.01326337
A1512: Average return | B1512: =AVERAGE(C3:C1510) -> 0.0014496844
A1513: Volatility | B1513: =STDEV(C3:C1510) -> 0.019432405
A1514: Median Return | B1514: =MEDIAN(C3:C1510) -> 0.0014920287

Sheet MSFT
A1: Date | B1: Close | C1: Daily Return
A2: 2019-01-02 | B2: 94.397141
A3: 2019-01-03 | B3: 90.924477 | C3: =(B3-B2)/B2 -> -0.036787808
A4: 2019-01-04 | B4: 95.153313 | C4: =(B4-B3)/B3 -> 0.046509325
A5: 2019-01-07 | B5: 95.274651 | C5: =(B5-B4)/B4 -> 0.001275183
A6: 2019-01-08 | B6: 95.965454 | C6: =(B6-B5)/B5 -> 0.007250654
A7: 2019-01-09 | B7: 97.337723 | C7: =(B7-B6)/B6 -> 0.014299611
A8: 2019-01-10 | B8: 96.712273 | C8: =(B8-B7)/B7 -> -0.0064255678
A9: 2019-01-11 | B9: 95.965454 | C9: =(B9-B8)/B8 -> -0.0077220659
A10: 2019-01-14 | B10: 95.265327 | C10: =(B10-B9)/B9 -> -0.0072956113
A11: 2019-01-15 | B11: 98.028534 | C11: =(B11-B10)/B10 -> 0.029005374
A12: 2019-01-16 | B12: 98.373932 | C12: =(B12-B11)/B11 -> 0.003523443
A13: 2019-01-17 | B13: 99.064728 | C13: =(B13-B12)/B12 -> 0.0070221438
A14: 2019-01-18 | B14: 100.54903 | C14: =(B14-B13)/B13 -> 0.014983197
... A1510: 2024-12-30 | B1510: 420.75867 | C1510: =(B1510-B1509)/B1509 -> -0.013239592
A1512: Average return | B1512: =AVERAGE(C3:C1510) -> 0.0011585482
A1513: Volatility | B1513: =STDEV(C3:C1510) -> 0.018271035
A1514: Median Return | B1514: =MEDIAN(C3:C1510) -> 0.0011731608

Sheet Summary
A1: Stock | B1: Average Return | C1: Volatility | D1: Median Return
A2: NVDA | B2: =NVDA!B1512 -> 0.002990793 | C2: =NVDA!B1513 -> 0.032689621 | D2: =NVDA!B1514 -> 0.0032071754
A3: AAPL | B3: =AAPL!B1512 -> 0.0014496844 | C3: =AAPL!B1513 -> 0.019432405 | D3: =AAPL!B1514 -> 0.0014920287
A4: MSFT | B4: =MSFT!B1512 -> 0.0011585482 | C4: =MSFT!B1513 -> 0.018271035 | D4: =MSFT!B1514 -> 0.0011731608
